sample_no,printer_type,material,layer_thickness_mm,infill_density_pct,infill_pattern,speed_mm_s,roughness_avg_um,hardness_avg,peak_load_n,peak_stress_kpa,strain_at_break,modulus_mpa,width_mm,thickness_mm,roughness_valid
1,closed,PLA+,0.1,20,grid,30,2.579,54.3,518.848,24755.06666666667,0.01366666666666667,2128.810666666667,6.116666666666667,3.426666666666666,True
2,closed,PLA+,0.1,20,grid,50,2.8363333333333336,60.9,477.1443333333333,22743.13333333333,0.013,2068.996,6.063333333333333,3.46,True
3,closed,PLA+,0.1,20,grid,70,3.2716666666666665,62.4,481.243,21676.16666666667,0.01233333333333333,2009.842333333333,6.383333333333333,3.48,True
4,closed,PLA+,0.1,20,triangles,30,2.570333333333333,61.5,465.9886666666666,21275.93333333333,0.012,2065.603,6.246666666666667,3.506666666666666,True
5,closed,PLA+,0.1,20,triangles,50,2.7176666666666667,63.8,475.511,22436.36666666667,0.01233333333333333,2050.737666666667,6.173333333333333,3.433333333333334,True
6,closed,PLA+,0.1,20,triangles,70,2.9309999999999996,60.5,471.5756666666666,21910.1,0.012,2067.504666666666,6.149999999999999,3.5,True
7,closed,PLA+,0.1,20,zigzag,30,1.8126666666666666,65.6,504.5393333333333,23589.33333333333,0.01266666666666667,2070.138,6.223333333333334,3.436666666666667,True
8,closed,PLA+,0.1,20,zigzag,50,2.3993333333333333,67.5,500.8093333333333,22762.36666666667,0.01266666666666667,2067.729666666667,6.333333333333333,3.473333333333333,True
9,closed,PLA+,0.1,20,zigzag,70,2.576,65.3,477.9963333333333,22296.36666666667,0.01233333333333333,2072.126666666667,6.233333333333333,3.44,True
10,closed,PLA+,0.1,50,grid,30,3.8669999999999995,81.2,481.4756666666667,22987.13333333333,0.013,2074.749,6.036666666666666,3.47,True
11,closed,PLA+,0.1,50,grid,50,2.496333333333333,77.0,520.9356666666666,24862.86666666667,0.012,2367.778,6.073333333333333,3.450000000000001,True
12,closed,PLA+,0.1,50,grid,70,2.638,80.5,535.485,25339.4,0.013,2348.896666666667,6.096666666666667,3.466666666666667,True
13,closed,PLA+,0.1,50,triangles,30,3.3073333333333337,80.0,549.4956666666667,26002.23333333333,0.011,2666.324333333333,6.173333333333333,3.423333333333333,True
14,closed,PLA+,0.1,50,triangles,50,2.3783333333333334,80.1,533.4576666666667,25141.83333333333,0.011,2651.077666666667,6.056666666666668,3.503333333333333,True
15,closed,PLA+,0.1,50,triangles,70,2.8123333333333336,80.4,527.937,24300.73333333333,0.011,2568.94,6.243333333333333,3.48,True
16,closed,PLA+,0.1,50,zigzag,30,2.138,76.7,559.423,25906.3,0.012,2504.295666666667,6.260000000000001,3.45,True
17,closed,PLA+,0.1,50,zigzag,50,2.2840000000000003,75.4,549.8283333333334,25743.3,0.013,2468.904666666667,6.103333333333334,3.5,True
18,closed,PLA+,0.1,50,zigzag,70,3.207333333333333,75.5,617.8180000000001,28900.66666666667,0.014,2525.021333333334,6.266666666666667,3.423333333333333,True
19,closed,PLA+,0.1,80,grid,30,1.8906666666666665,83.3,649.3003333333334,30508.9,0.012,3085.137,6.186666666666667,3.44,True
20,closed,PLA+,0.1,80,grid,50,2.4076666666666666,81.7,668.6626666666667,31251.5,0.01233333333333333,3148.007333333333,6.19,3.456666666666667,True
21,closed,PLA+,0.1,80,grid,70,3.16,82.1,631.9976666666666,29518.46666666666,0.012,2964.279666666667,6.186666666666667,3.46,True
22,closed,PLA+,0.1,80,triangles,30,3.157,82.4,649.5533333333333,30375.9,0.01066666666666667,3356.015,6.156666666666666,3.473333333333333,True
23,closed,PLA+,0.1,80,triangles,50,2.9436666666666667,82.8,697.725,32632.46666666666,0.011,3465.282333333333,6.18,3.46,True
24,closed,PLA+,0.1,80,triangles,70,3.292,82.1,706.8326666666667,32832.56666666667,0.011,3472.533666666667,6.216666666666666,3.463333333333333,True
25,closed,PLA+,0.1,80,zigzag,30,4.022333333333333,81.0,762.7906666666668,35620.83333333334,0.013,3253.146,6.22,3.443333333333333,True
26,closed,PLA+,0.1,80,zigzag,50,2.619666666666667,81.3,801.475,37307.23333333333,0.013,3357.978000000001,6.233333333333333,3.446666666666667,True
27,closed,PLA+,0.1,80,zigzag,70,2.5236666666666667,81.0,782.8783333333332,36436.73333333334,0.013,3370.911333333333,6.186666666666667,3.473333333333333,True
28,closed,PLA+,0.2,20,grid,30,5.390333333333333,80.4,576.314,27156.9,0.01333333333333333,2421.261666666667,6.046666666666667,3.51,True
29,closed,PLA+,0.2,20,grid,50,5.092,80.6,599.4423333333333,28558.23333333333,0.013,2593.910666666667,6.066666666666666,3.46,True
30,closed,PLA+,0.2,20,grid,70,5.006666666666667,79.3,625.3413333333334,29481.3,0.013,2629.853333333333,6.136666666666667,3.456666666666667,True
31,closed,PLA+,0.2,20,triangles,30,5.183333333333334,79.2,614.1856666666666,29326.53333333334,0.01266666666666667,2656.837,6.076666666666667,3.446666666666667,True
32,closed,PLA+,0.2,20,triangles,50,5.413333333333333,79.6,592.6356666666667,27946.66666666667,0.013,2590.568333333333,6.053333333333334,3.503333333333333,True
33,closed,PLA+,0.2,20,triangles,70,5.528,78.3,605.447,28598.06666666667,0.013,2665.494666666667,6.136666666666667,3.45,True
34,closed,PLA+,0.2,20,zigzag,30,5.192,78.1,590.916,27562.4,0.013,2582.999333333333,6.19,3.463333333333333,True
35,closed,PLA+,0.2,20,zigzag,50,5.512666666666665,78.7,595.8046666666667,28034.36666666667,0.01266666666666667,2628.881666666667,6.16,3.450000000000001,True
36,closed,PLA+,0.2,20,zigzag,70,5.3293333333333335,76.6,613.2656666666667,28716.23333333333,0.01266666666666667,2657.193,6.19,3.45,True
37,closed,PLA+,0.2,50,grid,30,5.3629999999999995,81.5,649.0896666666666,30781.23333333333,0.013,2865.523,6.106666666666666,3.453333333333333,True
38,closed,PLA+,0.2,50,grid,50,4.963333333333334,81.8,664.901,31183.06666666667,0.013,2892.927333333333,6.169999999999999,3.456666666666667,True
39,closed,PLA+,0.2,50,grid,70,4.861999999999999,81.3,641.2406666666667,30333.83333333333,0.013,2808.144666666667,6.096666666666667,3.466666666666667,True
40,closed,PLA+,0.2,50,triangles,30,5.555666666666666,81.2,657.7043333333332,30953.3,0.012,3026.659,6.153333333333333,3.453333333333333,True
41,closed,PLA+,0.2,50,triangles,50,4.9270000000000005,81.7,659.1833333333334,30884.8,0.012,3016.304,6.163333333333334,3.463333333333333,True
42,closed,PLA+,0.2,50,triangles,70,5.590333333333334,82.0,692.6573333333332,32147.03333333334,0.01233333333333333,3093.121000000001,6.216666666666666,3.466666666666667,True
43,closed,PLA+,0.2,50,zigzag,30,5.493666666666666,80.5,692.015,32625.36666666667,0.013,2921.827666666667,6.19,3.426666666666666,True
44,closed,PLA+,0.2,50,zigzag,50,4.9910000000000005,81.0,678.515,31796.33333333333,0.01333333333333333,2902.304,6.149999999999999,3.47,True
45,closed,PLA+,0.2,50,zigzag,70,5.092,81.2,695.8906666666667,31850.1,0.01333333333333333,2890.801,6.213333333333334,3.516666666666667,True
46,closed,PLA+,0.2,80,grid,30,4.553333333333334,82.4,766.9723333333333,35909.9,0.013,3385.422333333333,6.149999999999999,3.473333333333333,True
47,closed,PLA+,0.2,80,grid,50,4.685,82.8,768.351,36059.13333333333,0.013,3416.916333333333,6.146666666666667,3.466666666666667,True
48,closed,PLA+,0.2,80,grid,70,6.1385000000000005,82.5,777.3096666666667,36398.3,0.013,3409.962,6.136666666666667,3.48,True
49,closed,PLA+,0.2,80,triangles,30,4.928,82.1,756.6326666666668,35811.16666666666,0.012,3593.098,6.16,3.43,True
50,closed,PLA+,0.2,80,triangles,50,4.657333333333333,81.9,761.1743333333334,35536.33333333334,0.01166666666666667,3602.719,6.173333333333333,3.47,True
51,closed,PLA+,0.2,80,triangles,70,6.326666666666667,82.1,756.8923333333333,35244.96666666667,0.01166666666666667,3596.827666666667,6.136666666666667,3.5,True
52,closed,PLA+,0.2,80,zigzag,30,6.194,81.9,782.8906666666667,36688.36666666667,0.013,3375.473666666667,6.203333333333333,3.44,True
53,closed,PLA+,0.2,80,zigzag,50,5.413,80.6,764.7973333333333,36281.76666666666,0.013,3345.984333333334,6.07,3.473333333333333,True
54,closed,PLA+,0.2,80,zigzag,70,4.954,80.9,791.2049999999999,37484.0,0.013,3450.802333333333,6.083333333333333,3.47,True
55,closed,PLA+,0.3,20,grid,30,5.721,79.3,743.5013333333333,33100.7,0.013,3026.615333333334,6.216666666666666,3.613333333333333,True
56,closed,PLA+,0.3,20,grid,50,6.320666666666667,80.4,756.899,34527.53333333333,0.013,3101.280333333334,6.106666666666666,3.59,True
57,closed,PLA+,0.3,20,grid,70,6.705666666666667,78.7,753.639,34226.83333333334,0.01333333333333333,3051.501,6.066666666666666,3.63,True
58,closed,PLA+,0.3,20,triangles,30,6.476666666666667,79.3,723.015,32870.1,0.01233333333333333,3069.449666666667,6.133333333333333,3.586666666666666,True
59,closed,PLA+,0.3,20,triangles,50,5.979,79.8,741.561,33564.1,0.013,3119.992333333333,6.103333333333334,3.62,True
60,closed,PLA+,0.3,20,triangles,70,6.9093333333333335,80.9,777.1483333333332,34854.6,0.013,3162.322333333334,6.12,3.643333333333333,True
61,closed,PLA+,0.3,20,zigzag,30,6.039666666666666,79.6,688.7086666666665,31364.2,0.012,3092.368,6.126666666666666,3.583333333333333,True
62,closed,PLA+,0.3,20,zigzag,50,6.109666666666667,79.1,731.1756666666666,32893.9,0.01266666666666667,3071.115333333333,6.106666666666666,3.64,True
63,closed,PLA+,0.3,20,zigzag,70,6.46,79.9,770.7066666666666,34764.6,0.013,3156.697333333334,6.13,3.616666666666667,True
64,closed,PLA+,0.3,50,grid,30,5.66,81.1,776.6186666666666,35143.8,0.01266666666666667,3334.390333333333,6.156666666666666,3.59,True
65,closed,PLA+,0.3,50,grid,50,6.1433333333333335,80.5,790.6836666666667,35678.46666666667,0.01266666666666667,3359.751,6.116666666666667,3.623333333333334,True
66,closed,PLA+,0.3,50,grid,70,7.169,79.9,806.672,36060.66666666666,0.013,3354.368,6.123333333333332,3.653333333333334,True
67,closed,PLA+,0.3,50,triangles,30,5.274,80.8,782.418,35261.16666666666,0.01166666666666667,3596.211333333333,6.13,3.62,True
68,closed,PLA+,0.3,50,triangles,50,6.365333333333333,79.8,816.6610000000001,36712.36666666666,0.012,3631.355666666667,6.156666666666666,3.613333333333333,True
69,closed,PLA+,0.3,50,triangles,70,7.933333333333333,79.4,831.1213333333334,37015.33333333334,0.012,3577.485333333334,6.13,3.663333333333334,True
70,closed,PLA+,0.3,50,zigzag,30,5.517666666666667,80.7,782.1080000000001,34882.83333333334,0.012,3431.386666666667,6.143333333333334,3.65,True
71,closed,PLA+,0.3,50,zigzag,50,6.191666666666666,79.4,815.9876666666665,36205.9,0.013,3440.002333333333,6.113333333333333,3.686666666666667,True
72,closed,PLA+,0.3,50,zigzag,70,6.239666666666667,79.6,813.052,36614.63333333333,0.01266666666666667,3478.630666666666,6.123333333333334,3.626666666666666,True
73,closed,PLA+,0.3,80,grid,30,5.772666666666666,80.0,873.9816666666666,38667.83333333334,0.012,3799.315,6.226666666666667,3.63,True
74,closed,PLA+,0.3,80,grid,50,7.402333333333334,78.4,875.2206666666667,38451.3,0.012,3742.602666666667,6.113333333333333,3.723333333333333,True
75,closed,PLA+,0.3,80,grid,70,7.808333333333333,78.3,891.1403333333334,38214.86666666667,0.013,3681.502,6.116666666666667,3.813333333333333,True
76,closed,PLA+,0.3,80,triangles,30,5.511333333333333,79.5,854.4143333333333,37930.8,0.012,3841.670666666666,6.2,3.633333333333333,True
77,closed,PLA+,0.3,80,triangles,50,6.741666666666667,78.7,866.1306666666666,37696.36666666667,0.012,3781.786666666667,6.133333333333333,3.746666666666667,True
78,closed,PLA+,0.3,80,triangles,70,7.788,78.6,883.861,38344.13333333333,0.012,3809.272666666666,6.196666666666666,3.72,True
79,closed,PLA+,0.3,80,zigzag,30,5.791333333333334,80.0,868.7586666666666,39329.06666666667,0.01233333333333333,3824.575,6.216666666666666,3.553333333333333,True
80,closed,PLA+,0.3,80,zigzag,50,6.123333333333334,78.5,889.4336666666667,40105.7,0.01266666666666667,3871.891666666666,6.19,3.583333333333333,True
81,closed,PLA+,0.3,80,zigzag,70,6.622,78.0,921.9050000000001,41259.16666666666,0.012,3971.866,6.149999999999999,3.633333333333333,True
82,open,PLA+,0.1,20,grid,30,1.3243333333333334,78.5,665.0253333333334,32608.23333333333,0.013,2825.217,6.346666666666667,3.213333333333333,True
83,open,PLA+,0.1,20,triangles,50,1.9143333333333334,79.2,699.9830000000001,34566.3,0.013,2961.769666666667,6.263333333333333,3.233333333333333,True
84,open,PLA+,0.1,20,zigzag,70,1.6783333333333335,78.3,692.2736666666666,33775.16666666666,0.014,2813.426333333333,6.32,3.243333333333334,True
85,open,PLA+,0.1,50,grid,50,1.8526666666666667,81.1,709.9486666666667,35140.5,0.01366666666666667,3029.890333333333,6.313333333333333,3.2,True
86,open,PLA+,0.1,50,triangles,70,1.7,79.4,703.4763333333334,34693.0,0.013,3061.819,6.343333333333334,3.196666666666667,True
87,open,PLA+,0.1,50,zigzag,30,1.5986666666666667,80.7,750.904,37311.2,0.01366666666666667,3227.027666666666,6.343333333333334,3.173333333333333,True
88,open,PLA+,0.1,80,grid,70,3.6626666666666665,82.9,812.5826666666667,40700.7,0.013,3723.562,6.206666666666667,3.216666666666667,True
89,open,PLA+,0.1,80,triangles,30,7.225666666666666,82.1,790.4846666666666,39077.43333333333,0.013,3609.111,6.47,3.126666666666666,True
90,open,PLA+,0.1,80,zigzag,50,1.388,81.3,868.3796666666667,42794.86666666667,0.013,3832.971666666667,6.283333333333334,3.23,True
91,open,PLA+,0.2,20,grid,50,3.856333333333333,82.8,822.1423333333333,40908.83333333334,0.01266666666666667,3777.467666666667,6.3,3.19,True
92,open,PLA+,0.2,20,triangles,70,6.405666666666668,82.2,796.6983333333334,39436.06666666667,0.013,3608.991,6.393333333333334,3.16,True
93,open,PLA+,0.2,20,zigzag,30,3.3569999999999998,82.3,832.1006666666667,41533.6,0.012,3823.451,6.34,3.16,True
94,open,PLA+,0.2,50,grid,70,7.428,79.7,836.9896666666667,41451.63333333333,0.01266666666666667,3782.546666666667,6.336666666666666,3.186666666666667,True
95,open,PLA+,0.2,50,triangles,30,3.3843333333333336,83.1,855.9366666666666,42926.7,0.012,4055.672666666667,6.296666666666667,3.166666666666667,True
96,open,PLA+,0.2,50,zigzag,50,4.668,82.7,872.3173333333334,43247.0,0.013,3863.755,6.37,3.166666666666667,True
97,open,PLA+,0.2,80,grid,30,3.3166666666666664,83.2,874.8806666666666,43510.2,0.012,4086.568666666667,6.316666666666666,3.183333333333334,True
98,open,PLA+,0.2,80,triangles,50,3.621,83.0,909.7796666666667,44797.7,0.01233333333333333,4115.76,6.333333333333333,3.206666666666667,True
99,open,PLA+,0.2,80,zigzag,70,4.983999999999999,83.1,942.453,45738.4,0.013,4032.141666666666,6.420000000000001,3.21,True
100,open,PLA+,0.3,20,grid,70,5.536333333333332,82.6,973.5923333333334,44930.06666666667,0.01266666666666667,4014.259,6.486666666666667,3.34,True
101,open,PLA+,0.3,20,triangles,30,5.262,81.2,925.038,42355.16666666666,0.011,4111.244,6.43,3.396666666666667,True
102,open,PLA+,0.3,20,zigzag,50,6.182333333333333,81.9,991.6976666666666,44737.0,0.012,4099.801,6.513333333333333,3.403333333333334,True
103,open,PLA+,0.3,50,grid,30,5.6370000000000005,82.5,969.4263333333333,42649.83333333334,0.012,3969.908,6.57,3.46,True
104,open,PLA+,0.3,50,triangles,50,6.501666666666666,82.1,961.3620000000001,44807.73333333334,0.01166666666666667,4117.950333333333,6.436666666666667,3.333333333333333,True
105,open,PLA+,0.3,50,zigzag,70,0.0,76.0,922.2513333333333,42716.6,0.012,3909.19,6.63,3.256666666666666,False
106,open,PLA+,0.3,80,grid,50,0.0,76.2,971.0236666666666,41539.7,0.012,3826.88,6.536666666666666,3.576666666666667,False
107,open,PLA+,0.3,80,triangles,70,0.0,79.0,906.9293333333334,43748.2,0.01166666666666667,4127.136,6.53,3.18,False
108,open,PLA+,0.3,80,zigzag,30,5.423333333333333,76.5,919.294,40489.56666666667,0.011,3997.215666666667,6.543333333333334,3.47,True
109,closed,PLA,0.1,20,zigzag,30,4.763888888888889,75.9,721.0983333333334,33899.03333333333,0.012,3397.771666666667,6.16,3.453333333333333,True
110,closed,PLA,0.1,50,triangles,50,3.982666666666667,78.9,535.5673333333333,24581.66666666667,0.012,2447.902666666667,6.333333333333333,3.44,True
111,closed,PLA,0.1,80,grid,70,3.6784444444444446,80.0,650.2576666666668,30455.1,0.012,3137.009,6.243333333333333,3.42,True
112,closed,PLA,0.2,20,triangles,70,3.957222222222222,76.6,611.9316666666667,28870.23333333333,0.01266666666666667,2639.358,6.186666666666667,3.426666666666667,True
113,closed,PLA,0.2,50,grid,30,5.228555555555555,79.6,656.0103333333333,31174.96666666666,0.013,2871.204333333333,6.176666666666667,3.406666666666666,True
114,closed,PLA,0.2,80,zigzag,50,6.404333333333334,80.2,797.4943333333334,37621.46666666667,0.01266666666666667,3597.311666666666,6.216666666666666,3.41,True
115,closed,PLA,0.3,20,grid,50,7.071333333333333,79.2,763.9833333333332,34518.3,0.013,3167.453,6.3,3.513333333333333,True
116,closed,PLA,0.3,50,zigzag,70,6.157444444444445,78.7,819.844,36926.76666666667,0.013,3400.771666666667,6.260000000000001,3.546666666666667,True
117,closed,PLA,0.3,80,triangles,30,4.163777777777778,79.1,873.1106666666666,39515.13333333333,0.012,3834.491,6.253333333333333,3.533333333333333,True
118,open,PLA,0.1,20,zigzag,30,3.5767777777777776,75.7,690.5393333333333,35800.9,0.01366666666666667,2999.250333333333,6.103333333333333,3.16,True
119,open,PLA,0.1,50,triangles,50,3.236,79.1,702.6143333333333,36093.2,0.013,3218.639666666666,6.12,3.18,True
120,open,PLA,0.1,80,grid,70,4.971222222222221,81.4,778.9549999999999,40148.6,0.01366666666666667,3564.459666666667,6.126666666666666,3.173333333333333,True
121,open,PLA,0.2,20,triangles,70,4.985,78.3,790.0563333333333,41260.83333333334,0.01266666666666667,3715.355333333333,6.316666666666666,3.033333333333333,True
122,open,PLA,0.2,50,grid,30,7.240222222222222,79.5,806.1896666666667,41903.76666666666,0.01266666666666667,3910.774,6.303333333333334,3.06,True
123,open,PLA,0.2,80,zigzag,50,4.651555555555555,80.4,876.631,45435.23333333334,0.01233333333333333,4202.573666666666,6.25,3.09,True
124,open,PLA,0.3,20,grid,50,5.700666666666667,76.3,915.7669999999999,46042.83333333334,0.012,4263.162666666667,6.350000000000001,3.143333333333333,True
125,open,PLA,0.3,50,zigzag,70,5.950777777777778,79.2,852.4806666666667,42187.83333333334,0.01233333333333333,3968.387666666667,6.29,3.22,True
126,open,PLA,0.3,80,triangles,30,5.359777777777778,81.6,953.398,46986.5,0.012,4386.333666666666,6.489999999999999,3.126666666666666,True
127,closed,PLA phosphorus,0.3,20,zigzag,50,7.7973333333333334,80.0,811.913,35766.96666666667,0.013,3206.877666666667,6.426666666666667,3.533333333333333,True
128,closed,PLA phosphorus,0.3,50,grid,30,6.656333333333333,79.1,859.0583333333334,37501.9,0.013,3415.119666666667,6.46,3.546666666666667,True
129,closed,PLA phosphorus,0.3,50,triangles,50,8.372666666666667,77.2,844.9776666666667,37211.33333333334,0.01266666666666667,3447.573,6.25,3.633333333333333,True
130,closed,PLA phosphorus,0.3,50,zigzag,70,9.006,79.8,851.6903333333333,38773.9,0.01333333333333333,3493.343,6.193333333333332,3.546666666666667,True
131,closed,PLA phosphorus,0.3,80,grid,50,8.129666666666667,78.5,926.1193333333334,40780.8,0.013,3750.499,6.216666666666666,3.653333333333334,True
132,closed,PLA phosphorus,0.3,80,triangles,70,10.036333333333333,77.7,932.324,41700.26666666667,0.01266666666666667,3919.819666666666,6.246666666666667,3.58,True
133,closed,PLA phosphorus,0.3,80,zigzag,30,6.347333333333334,80.0,967.3373333333333,43532.7,0.01366666666666667,3905.514,6.32,3.516666666666667,True
134,closed,PLA phosphorus,0.2,20,zigzag,30,4.975666666666666,78.7,666.1553333333333,31274.3,0.01333333333333333,2716.794666666667,6.41,3.323333333333333,True
135,closed,PLA phosphorus,0.2,50,grid,70,5.685,82.8,743.8163333333333,34330.13333333333,0.014,2966.015666666666,6.43,3.37,True
136,closed,PLA phosphorus,0.2,50,triangles,30,4.200333333333333,81.2,716.7026666666667,32571.43333333333,0.01333333333333333,2890.398333333333,6.523333333333333,3.373333333333334,True
137,closed,PLA phosphorus,0.2,50,zigzag,50,5.649,80.9,707.114,31796.7,0.013,2865.790666666666,6.41,3.47,True
138,closed,PLA phosphorus,0.2,80,grid,30,4.6770000000000005,81.6,818.8236666666667,37162.46666666667,0.01333333333333333,3427.883,6.393333333333334,3.446666666666667,True
139,closed,PLA phosphorus,0.2,80,triangles,50,6.446000000000001,80.4,817.0553333333334,36853.56666666667,0.012,3701.227666666667,6.47,3.426666666666667,True
140,closed,PLA phosphorus,0.2,80,zigzag,70,5.475666666666666,82.6,909.402,41216.76666666667,0.01333333333333333,3653.937333333333,6.383333333333333,3.456666666666667,True
141,open,PETG,0.2,50,zigzag,50,4.694,77.2,823.8180000000001,42077.03333333333,0.01866666666666666,2684.492,6.44,3.04,True
142,closed,PLA phosphorus,0.3,20,grid,70,8.398333333333333,77.6,800.98,34448.93333333333,0.013,3114.674666666666,6.513333333333333,3.57,True
143,closed,PLA phosphorus,0.3,20,triangles,30,6.757000000000001,79.8,781.3933333333333,34482.43333333333,0.012,3234.681333333333,6.383333333333333,3.55,True
144,open,PETG,0.2,80,zigzag,70,7.135000000000001,60.5,741.9499999999999,36707.76666666667,0.019,2340.101666666667,6.343333333333334,3.186666666666667,True
145,open,PETG,0.3,20,grid,70,7.034,70.0,732.2276666666667,41158.3,0.017,2724.535,6.626666666666666,2.686666666666667,True
146,open,PETG,0.3,20,triangles,30,6.363666666666667,75.9,757.3953333333334,40847.33333333334,0.01533333333333333,2888.333666666667,6.456666666666667,2.87,True
147,open,PETG,0.3,20,zigzag,50,5.087666666666667,76.6,907.9989999999999,42272.26666666667,0.01633333333333334,2920.225333333333,6.443333333333332,3.333333333333333,True
148,open,PETG,0.3,50,grid,30,5.976333333333334,75.0,961.4846666666666,42066.53333333333,0.017,2803.774666666667,6.486666666666667,3.526666666666667,True
149,open,PETG,0.3,50,triangles,50,7.205000000000001,76.6,883.4943333333334,42971.26666666667,0.017,2889.055333333334,6.486666666666667,3.17,True
150,open,PETG,0.3,50,zigzag,70,5.508,72.4,831.8713333333334,41720.26666666667,0.01733333333333334,2804.412333333334,6.32,3.156666666666666,True
151,open,PETG,0.3,80,grid,50,0.0,73.6,846.0323333333332,41867.23333333333,0.017,2848.661,6.456666666666666,3.13,False
152,open,PETG,0.3,80,triangles,70,5.7059999999999995,74.9,855.4246666666668,41770.46666666667,0.016,2897.012666666667,6.453333333333333,3.173333333333333,True
153,open,PETG,0.3,80,zigzag,30,7.808,76.3,894.2853333333333,44350.63333333333,0.017,2911.977666666667,6.443333333333334,3.13,True
154,closed,PETG,0.1,20,grid,30,3.0109999999999997,42.0,661.0396666666667,31047.43333333333,,1761.503666666667,6.233333333333333,3.416666666666667,True
155,closed,PETG,0.1,20,grid,50,4.578333333333333,40.1,649.4423333333333,30197.06666666667,,1657.813333333334,6.239999999999999,3.446666666666667,True
156,closed,PETG,0.1,20,grid,70,5.503,34.6,663.1233333333333,31968.43333333333,,1832.154333333333,6.083333333333333,3.41,True
157,closed,PETG,0.1,20,triangles,30,1.283,48.9,670.1576666666666,32276.86666666667,0.01966666666666667,1963.124,6.22,3.338333333333333,True
158,closed,PETG,0.1,20,triangles,50,1.6600000000000001,52.4,748.0093333333333,34286.06666666667,0.0215,1879.322,6.416666666666667,3.4,True
159,closed,PETG,0.1,20,triangles,70,1.452333333333333,53.7,738.977,34102.66666666666,,1895.323,6.293333333333333,3.443333333333333,True
160,closed,PETG,0.1,20,zigzag,30,1.618,58.8,691.1666666666666,33052.7,0.02066666666666667,1822.723666666667,6.193333333333332,3.376666666666667,True
161,closed,PETG,0.1,20,zigzag,50,2.5403333333333333,59.0,676.4906666666667,32427.4,0.0205,1834.580333333333,6.19,3.37,True
162,closed,PETG,0.1,20,zigzag,70,1.9720000000000002,50.5,670.5513333333333,32282.6,,1842.565333333333,6.156666666666666,3.373333333333334,True
163,closed,PETG,0.1,50,grid,30,2.7923333333333336,70.9,679.6986666666667,33292.43333333333,0.01866666666666666,2004.831,6.113333333333333,3.34,True
164,closed,PETG,0.1,50,grid,50,1.7663333333333335,71.6,719.824,34207.56666666667,0.01933333333333333,2052.778,6.263333333333333,3.36,True
165,closed,PETG,0.1,50,grid,70,2.688333333333333,71.1,735.2826666666666,35070.16666666666,0.021,2041.524666666667,6.136666666666667,3.416666666666667,True
166,closed,PETG,0.1,50,triangles,30,1.7313333333333334,64.4,700.991,32635.5,0.01866666666666666,2021.615666666667,6.196666666666666,3.466666666666667,True
167,closed,PETG,0.1,50,triangles,50,1.3896666666666668,68.1,757.3603333333334,36138.03333333333,0.019,2233.478,6.213333333333334,3.373333333333333,True
168,closed,PETG,0.1,50,triangles,70,1.6973333333333336,72.0,737.6626666666667,34169.76666666667,,2092.189,6.27,3.443333333333333,True
169,closed,PETG,0.1,50,zigzag,30,1.3733333333333333,71.6,783.2133333333333,34766.96666666667,0.02033333333333333,2001.931666666667,6.593333333333334,3.416666666666667,True
170,closed,PETG,0.1,50,zigzag,50,1.3136666666666668,71.1,772.1696666666667,34011.66666666666,0.02,1987.922,6.743333333333333,3.366666666666667,True
171,closed,PETG,0.1,50,zigzag,70,1.607,69.5,768.832,33917.4,,1979.228333333333,6.68,3.393333333333333,True
172,closed,PETG,0.1,80,grid,30,1.3193333333333335,74.8,840.6373333333335,36865.46666666667,0.019,2289.432333333334,6.726666666666667,3.39,True
173,closed,PETG,0.1,80,grid,50,1.0773333333333335,74.7,825.4780000000001,36401.53333333333,0.01866666666666666,2271.822666666666,6.656666666666666,3.406666666666667,True
174,closed,PETG,0.1,80,grid,70,1.7933333333333332,71.7,847.2523333333334,37173.16666666666,0.02,2260.082666666667,6.736666666666667,3.383333333333333,True
175,closed,PETG,0.1,80,triangles,30,2.4053333333333335,73.1,815.0103333333333,37356.06666666667,0.019,2435.444666666667,6.336666666666667,3.443333333333333,True
176,closed,PETG,0.1,80,triangles,50,1.5956666666666666,74.4,785.5886666666667,34990.56666666667,,2294.103,6.63,3.386666666666667,True
177,closed,PETG,0.1,80,triangles,70,2.0690000000000004,73.6,783.3179999999999,36488.13333333333,,2384.259,6.216666666666666,3.453333333333333,True
178,closed,PETG,0.1,80,zigzag,30,1.3163333333333334,73.9,860.4496666666668,39105.43333333333,0.01866666666666666,2498.094666666666,6.416666666666667,3.43,True
179,closed,PETG,0.1,80,zigzag,50,2.536,70.6,845.3756666666667,38021.6,0.02,2268.653666666667,6.56,3.39,True
180,closed,PETG,0.1,80,zigzag,70,2.5656666666666665,61.6,813.2803333333333,37085.46666666667,0.0215,2145.124666666667,6.513333333333333,3.37,True
181,closed,PETG,0.2,20,grid,30,2.904666666666667,67.7,693.0176666666666,31190.63333333333,,1943.916333333333,6.473333333333334,3.433333333333334,True
182,closed,PETG,0.2,20,grid,50,3.2046666666666668,65.3,731.8816666666667,32499.36666666667,0.02,1928.54,6.649999999999999,3.386666666666667,True
183,closed,PETG,0.2,20,grid,70,3.6816666666666666,65.2,741.5963333333333,33720.9,,1952.795333333333,6.44,3.416666666666667,True
184,closed,PETG,0.2,20,triangles,30,2.7163333333333335,66.8,738.0236666666666,32819.53333333333,0.019,1923.408,6.68,3.366666666666667,True
185,closed,PETG,0.2,20,triangles,50,4.1513333333333335,67.4,764.4513333333334,33912.06666666667,,1935.960333333333,6.670000000000001,3.38,True
186,closed,PETG,0.2,20,triangles,70,3.215,68.3,774.0536666666667,33614.33333333334,,1917.145333333333,6.63,3.473333333333333,True
187,closed,PETG,0.2,20,zigzag,30,2.918333333333333,69.3,723.2013333333334,31877.8,0.019,1965.228,6.713333333333334,3.38,True
188,closed,PETG,0.2,20,zigzag,50,3.3880000000000003,66.8,747.8233333333334,32916.63333333333,,1948.865666666667,6.663333333333333,3.41,True
189,closed,PETG,0.2,20,zigzag,70,3.4163333333333328,65.0,741.6080000000001,33502.6,,1984.211333333333,6.48,3.416666666666667,True
190,closed,PETG,0.2,50,grid,30,3.2883333333333336,73.4,777.7853333333333,34305.56666666667,0.01933333333333333,2047.652,6.643333333333334,3.413333333333334,True
191,closed,PETG,0.2,50,grid,50,3.425333333333333,70.5,796.7510000000001,35097.93333333333,0.02,2036.598666666667,6.683333333333334,3.396666666666667,True
192,closed,PETG,0.2,50,grid,70,3.7900000000000005,71.7,791.5293333333333,34927.7,,2092.628,6.640000000000001,3.413333333333334,True
193,closed,PETG,0.2,50,triangles,30,3.1950000000000003,74.9,784.1846666666667,34440.03333333333,0.01766666666666667,2205.660333333333,6.613333333333333,3.443333333333333,True
194,closed,PETG,0.2,50,triangles,50,3.046333333333333,71.9,809.4383333333334,36027.16666666666,,2245.069333333333,6.506666666666667,3.453333333333333,True
195,closed,PETG,0.2,50,triangles,70,3.598333333333333,73.4,794.031,36109.56666666667,,2258.272666666666,6.356666666666666,3.46,True
196,closed,PETG,0.2,50,zigzag,30,2.9386666666666663,72.6,785.8336666666668,34468.23333333334,,2115.944666666667,6.653333333333333,3.426666666666667,True
197,closed,PETG,0.2,50,zigzag,50,2.8953333333333333,72.9,797.6306666666666,34931.16666666666,,2112.297333333333,6.669999999999999,3.423333333333333,True
198,closed,PETG,0.2,50,zigzag,70,2.985333333333333,73.2,792.6886666666666,34639.96666666667,,2171.169,6.723333333333334,3.403333333333334,True
199,closed,PETG,0.2,80,grid,30,2.3606666666666665,76.4,836.555,36831.0,0.01766666666666667,2426.231,6.566666666666666,3.46,True
200,closed,PETG,0.2,80,grid,50,3.624333333333333,75.4,828.0373333333333,36310.46666666667,0.0185,2385.752666666667,6.726666666666667,3.39,True
201,closed,PETG,0.2,80,grid,70,4.211666666666667,75.3,807.226,34944.26666666666,,2230.775666666666,6.676666666666667,3.46,True
202,closed,PETG,0.2,80,triangles,30,4.244666666666667,75.4,807.3423333333334,37589.33333333334,0.0185,2533.877666666667,6.22,3.453333333333333,True
203,closed,PETG,0.2,80,triangles,50,3.4269999999999996,76.7,854.9603333333333,37905.8,,2479.610666666667,6.556666666666668,3.44,True
204,closed,PETG,0.2,80,triangles,70,4.500333333333333,73.0,828.2666666666668,36378.0,0.018,2423.593,6.626666666666666,3.436666666666667,True
205,closed,PETG,0.2,80,zigzag,30,5.1323333333333325,73.9,840.8116666666666,37593.66666666666,0.0185,2399.529,6.63,3.373333333333334,True
206,closed,PETG,0.2,80,zigzag,50,2.7253333333333334,74.9,901.491,40594.33333333334,0.021,2369.069,6.386666666666667,3.48,True
207,closed,PETG,0.2,80,zigzag,70,5.065666666666666,75.5,931.3093333333333,41082.5,,2462.281333333333,6.609999999999999,3.43,True
208,closed,PETG,0.3,20,grid,30,8.723333333333334,69.3,832.2676666666666,35819.2,0.021,2100.859333333333,6.676666666666667,3.48,True
209,closed,PETG,0.3,20,grid,50,4.622333333333334,70.9,783.9,34135.1,,1981.087,6.580000000000001,3.49,True
210,closed,PETG,0.3,20,grid,70,6.774333333333334,67.2,898.315,37378.23333333334,,2225.987666666666,6.56,3.666666666666667,True
211,closed,PETG,0.3,20,triangles,30,6.377666666666666,72.8,848.1723333333333,37447.66666666666,0.01933333333333333,2239.222,6.37,3.556666666666667,True
212,closed,PETG,0.3,20,triangles,50,8.665333333333333,73.3,876.6236666666667,37629.36666666667,,2199.529,6.600000000000001,3.53,True
213,closed,PETG,0.3,20,triangles,70,5.983999999999999,73.3,659.0356666666667,29623.6,,1731.602666666667,6.34,3.506666666666666,True
214,closed,PETG,0.3,20,zigzag,30,6.5840000000000005,70.9,797.1476666666667,34061.53333333333,,2236.282,6.636666666666667,3.526666666666667,True
215,closed,PETG,0.3,20,zigzag,50,7.449666666666666,72.6,818.6796666666665,34968.83333333334,,2225.202333333333,6.633333333333333,3.53,True
216,closed,PETG,0.3,20,zigzag,70,7.203333333333333,70.7,843.7136666666667,35587.66666666666,,2196.766333333333,6.653333333333333,3.563333333333333,True
217,closed,PETG,0.3,50,grid,30,6.061333333333334,72.2,858.2753333333334,37356.4,,2332.981333333333,6.420000000000001,3.58,True
218,closed,PETG,0.3,50,grid,50,6.843,76.6,795.7673333333333,34059.56666666667,0.02,2092.890666666667,6.669999999999999,3.503333333333333,True
219,closed,PETG,0.3,50,grid,70,7.788999999999999,72.6,887.3686666666667,37482.33333333334,,2301.163666666667,6.583333333333333,3.596666666666666,True
220,closed,PETG,0.3,50,triangles,30,6.111000000000001,73.7,805.3523333333333,34538.93333333333,0.0195,2133.528,6.59,3.536666666666667,True
221,closed,PETG,0.3,50,triangles,50,6.774,74.6,845.1036666666665,35736.6,,2164.011666666667,6.73,3.513333333333333,True
222,closed,PETG,0.3,50,triangles,70,7.433666666666667,71.5,904.6093333333333,37331.5,,2265.279,6.683333333333334,3.626666666666666,True
223,closed,PETG,0.3,50,zigzag,30,7.508333333333333,74.5,797.2003333333333,34231.93333333333,,2272.781,6.616666666666667,3.52,True
224,closed,PETG,0.3,50,zigzag,50,8.068,74.1,854.9499999999999,36822.26666666667,,2351.602,6.596666666666667,3.52,True
225,closed,PETG,0.3,50,zigzag,70,8.213,71.7,899.177,37422.96666666667,,2359.569333333333,6.68,3.596666666666666,True
226,closed,PETG,0.3,80,grid,30,7.992999999999999,72.5,928.0463333333333,38425.3,0.01866666666666666,2447.623666666667,6.66,3.626666666666667,True
227,closed,PETG,0.3,80,grid,50,7.467333333333333,73.9,925.0459999999999,39410.73333333333,0.019,2468.307333333334,6.643333333333334,3.533333333333333,True
228,closed,PETG,0.3,80,grid,70,7.814666666666667,71.5,909.953,38836.9,0.019,2436.891,6.563333333333333,3.57,True
229,closed,PETG,0.3,80,triangles,30,7.284999999999999,72.8,928.8196666666666,38166.4,0.01766666666666667,2489.476666666667,6.686666666666667,3.64,True
230,closed,PETG,0.3,80,triangles,50,3.443,69.9,950.8269999999999,38734.63333333333,0.01866666666666666,2456.339666666667,6.646666666666666,3.693333333333333,True
231,closed,PETG,0.3,80,triangles,70,1.7623333333333333,71.5,970.157,39287.1,0.019,2483.243333333333,6.716666666666666,3.676666666666667,True
232,closed,PETG,0.3,80,zigzag,30,3.4939999999999998,73.8,958.386,40303.1,0.018,2542.909333333333,6.73,3.533333333333333,True
233,closed,PETG,0.3,80,zigzag,50,5.0169999999999995,72.4,927.4536666666667,40238.2,0.02,2374.124666666667,6.363333333333333,3.62,True
234,closed,PETG,0.3,80,zigzag,70,7.135666666666666,69.8,946.632,40384.33333333334,0.019,2443.450666666667,6.350000000000001,3.693333333333333,True
235,closed,PLA phosphorus,0.1,20,grid,30,4.136333333333334,74.4,516.9353333333333,23238.33333333333,0.01733333333333334,1611.331,6.43,3.46,True
236,closed,PLA phosphorus,0.1,20,triangles,50,3.1646666666666667,60.4,532.9809999999999,24526.56666666667,0.01433333333333333,2001.244333333333,6.373333333333332,3.41,True
237,closed,PLA phosphorus,0.1,20,zigzag,70,3.6186666666666665,60.5,549.1179999999999,24948.16666666667,0.01566666666666667,1909.136666666667,6.423333333333333,3.426666666666667,True
238,closed,PLA phosphorus,0.1,50,grid,50,3.4873333333333334,78.7,602.5646666666667,27770.43333333333,0.01566666666666667,2143.593333333334,6.406666666666666,3.386666666666667,True
239,closed,PLA phosphorus,0.1,50,triangles,70,2.5656666666666665,75.7,597.7573333333333,26677.76666666667,0.01333333333333333,2218.251,6.526666666666666,3.433333333333334,True
240,closed,PLA phosphorus,0.1,50,zigzag,30,2.3043333333333336,78.5,616.6283333333334,27897.86666666667,0.015,2169.423,6.5,3.4,True
241,closed,PLA phosphorus,0.1,80,grid,70,3.3706666666666667,79.8,747.7353333333334,33069.83333333334,0.01333333333333333,2829.232333333333,6.489999999999999,3.486666666666667,True
242,closed,PLA phosphorus,0.1,80,triangles,70,3.3826666666666667,81.0,719.692,32557.96666666667,0.012,3087.248,6.426666666666667,3.44,True
243,closed,PLA phosphorus,0.1,80,zigzag,50,2.9920000000000004,80.9,854.8663333333334,39251.8,0.014,3409.422,6.393333333333334,3.406666666666666,True
244,closed,PLA phosphorus,0.2,20,grid,50,5.0313333333333325,79.5,670.7379999999999,30314.36666666667,0.014,2502.324,6.413333333333334,3.45,True
245,closed,PLA phosphorus,0.2,20,triangles,70,5.4430000000000005,76.9,664.1976666666667,29844.26666666667,0.014,2517.163333333333,6.383333333333333,3.486666666666667,True
246,closed,PP,0.1,20,zigzag,30,6.173000000000001,18.7,120.4953333333333,5893.266666666666,,495.2866666666667,5.963333333333334,3.43,True
247,closed,PP,0.1,50,triangles,50,4.723,25.0,139.8523333333333,6784.900000000001,,577.9403333333333,6.033333333333334,3.413333333333334,True
248,closed,PP,0.1,80,grid,70,4.2860000000000005,36.9,140.794,6825.0,,560.4603333333333,6.026666666666666,3.423333333333333,True
249,closed,PP,0.2,20,triangles,70,4.084666666666667,33.6,127.9966666666667,6145.099999999999,,512.1766666666666,5.993333333333333,3.476666666666667,True
250,closed,PP,0.2,50,grid,30,5.367333333333334,36.2,134.009,6621.033333333333,,548.3686666666666,5.953333333333333,3.4,True
251,closed,PP,0.2,80,zigzag,50,5.037,43.7,141.3,6906.433333333333,,570.1663333333332,5.936666666666667,3.446666666666667,True
252,closed,PP,0.3,20,grid,50,4.4013333333333335,32.1,141.5216666666667,6778.133333333334,,596.2883333333333,5.926666666666667,3.523333333333333,True
253,closed,PP,0.3,50,zigzag,70,8.105333333333332,35.4,146.8,6945.0,,546.4803333333333,5.973333333333334,3.54,True
254,closed,PP,0.3,80,triangles,30,9.605333333333334,36.9,156.0966666666667,7425.400000000001,,579.5936666666666,6.0,3.503333333333333,True
255,closed,TPU,0.1,20,grid,30,1.7926666666666666,12.5,284.2173333333333,15074.2,3.422,24.525,6.143333333333334,3.67,True
256,closed,TPU,0.1,20,triangles,50,1.832,14.2,316.539,14203.36666666667,2.899666666666667,26.06066666666667,6.143333333333334,3.63,True
257,closed,TPU,0.1,20,zigzag,70,1.6166666666666665,13.4,298.6736666666666,13860.23333333333,2.860333333333333,30.45133333333333,6.046666666666667,3.566666666666666,True
258,closed,TPU,0.1,50,grid,50,1.8549999999999998,12.5,305.144,14379.83333333333,3.020666666666667,27.269,5.933333333333334,3.576666666666667,True
259,closed,TPU,0.1,50,triangles,70,1.7906666666666666,17.6,266.9026666666667,12482.16666666667,2.197666666666667,38.755,5.946666666666666,3.6,True
260,closed,TPU,0.1,50,zigzag,30,2.5860000000000003,18.3,327.7613333333333,15350.43333333333,2.573666666666667,28.79,5.98,3.57,True
261,closed,TPU,0.1,80,grid,70,3.3240000000000003,23.9,294.0296666666666,12698.73333333333,2.278333333333333,36.92633333333333,6.296666666666667,3.676666666666667,True
262,closed,TPU,0.1,80,triangles,30,3.5306666666666664,24.6,304.113,13369.0,2.137333333333333,41.72066666666667,6.196666666666666,3.67,True
263,closed,TPU,0.1,80,zigzag,50,2.474,28.0,459.321,20126.5,2.897,33.03433333333333,6.23,3.663333333333334,True
264,closed,TPU,0.2,20,grid,50,0.0,17.9,396.8826666666667,17626.1,3.087666666666667,21.00566666666667,6.146666666666666,3.663333333333334,False
265,closed,TPU,0.2,20,triangles,70,3.4879999999999995,17.6,363.2423333333333,16676.83333333333,2.729000000000001,27.80066666666667,6.006666666666667,3.626666666666666,True
266,closed,TPU,0.2,20,zigzag,30,3.3833333333333333,19.9,606.2869999999999,28261.76666666667,4.178666666666667,22.07766666666667,6.196666666666666,3.463333333333333,True
267,closed,TPU,0.2,50,grid,70,3.6773333333333333,29.3,631.1126666666667,30543.33333333333,3.933,23.846,6.083333333333333,3.396666666666667,True
268,closed,TPU,0.2,50,triangles,30,1.6726666666666665,27.2,638.625,30897.73333333333,4.0,23.87733333333334,6.02,3.433333333333334,True
269,closed,TPU,0.2,50,zigzag,50,2.41,27.4,553.9896666666667,27244.03333333334,3.536666666666667,44.71733333333333,5.966666666666666,3.41,True
270,closed,TPU,0.2,80,grid,30,10.972666666666667,35.3,630.6096666666667,29904.7,3.419666666666667,44.52266666666666,6.056666666666668,3.483333333333333,True
271,closed,TPU,0.2,80,triangles,50,4.999333333333333,34.6,582.2420000000001,27489.06666666667,3.063,44.75066666666667,6.056666666666668,3.5,True
272,closed,TPU,0.2,80,zigzag,70,3.840666666666667,28.0,626.9253333333332,29905.03333333334,3.801333333333333,19.60533333333333,6.09,3.443333333333333,True
273,closed,TPU,0.3,20,grid,70,3.346,20.7,480.5543333333333,21764.4,3.705666666666666,23.08833333333333,6.236666666666667,3.54,True
274,closed,TPU,0.3,20,triangles,30,3.029666666666667,23.7,527.5063333333334,23972.0,3.596666666666666,24.76433333333334,6.169999999999999,3.566666666666666,True
275,closed,TPU,0.3,20,zigzag,50,0.0,16.8,365.7576666666667,16462.0,3.151,33.15533333333333,6.166666666666667,3.603333333333333,False
276,closed,TPU,0.3,50,grid,30,3.6436666666666664,28.4,564.0896666666666,25206.4,3.578333333333333,23.67133333333333,6.193333333333332,3.613333333333333,True
277,closed,TPU,0.3,50,triangles,50,5.853333333333333,27.8,343.0116666666666,15578.4,2.701666666666667,39.77533333333333,6.153333333333333,3.576666666666667,True
278,closed,TPU,0.3,50,zigzag,70,0.0,18.7,387.6903333333333,17195.03333333334,3.478333333333333,26.27066666666667,6.216666666666666,3.626666666666666,False
279,closed,TPU,0.3,80,grid,50,2.8023333333333333,25.0,378.9596666666666,17259.6,2.714333333333334,34.082,6.143333333333334,3.573333333333334,True
280,closed,TPU,0.3,80,triangles,70,4.422999999999999,21.1,371.8713333333333,16615.76666666667,2.766333333333333,30.98433333333334,6.203333333333333,3.61,True
281,closed,TPU,0.3,80,zigzag,30,6.503333333333333,34.7,732.9673333333334,31784.40000000001,4.293,15.20966666666667,6.216666666666666,3.71,True
282,closed,ABS,0.1,20,grid,30,3.1586666666666665,74.9,557.037,26070.63333333333,0.016,1859.669333333333,6.266666666666667,3.41,True
283,closed,ABS,0.1,20,triangles,50,3.798666666666666,78.2,546.4756666666666,25661.36666666667,0.015,1869.314666666666,6.196666666666666,3.436666666666667,True
284,closed,ABS,0.1,20,zigzag,70,3.693,78.7,548.2046666666666,26103.83333333333,0.016,1877.652666666667,6.093333333333334,3.446666666666667,True
285,closed,ABS,0.1,50,grid,50,5.307666666666666,74.9,611.8763333333333,28722.63333333333,0.016,2058.860333333334,6.176666666666667,3.450000000000001,True
286,closed,ABS,0.1,50,triangles,70,2.522666666666667,78.9,571.9966666666668,27225.46666666666,0.014,2113.273333333333,6.066666666666666,3.463333333333333,True
287,closed,ABS,0.1,50,zigzag,30,3.1359999999999997,77.5,593.4203333333334,28625.4,0.016,2054.458333333333,6.05,3.426666666666667,True
288,closed,ABS,0.1,80,grid,70,3.7016666666666667,75.7,709.8613333333333,31463.36666666667,0.016,2363.598666666667,6.350000000000001,3.553333333333333,True
289,closed,ABS,0.1,80,triangles,30,2.3096666666666668,73.91,632.3823333333333,29182.26666666667,0.013,2471.923,6.203333333333333,3.493333333333334,True
290,closed,ABS,0.1,80,zigzag,50,2.546,77.9,709.6933333333333,32409.4,0.017,2320.429333333333,6.286666666666666,3.483333333333333,True
291,closed,ABS,0.2,20,grid,50,9.316333333333333,70.6,542.167,24962.8,0.01633333333333334,1788.043,6.176666666666667,3.52,True
292,closed,ABS,0.2,20,triangles,70,6.9959999999999996,70.3,541.6146666666667,26189.36666666667,0.015,1937.525666666667,5.983333333333333,3.456666666666667,True
293,closed,ABS,0.2,20,zigzag,30,6.560666666666667,77.4,533.8506666666667,25118.83333333333,0.016,1829.141,6.116666666666667,3.476666666666667,True
294,closed,ABS,0.2,50,grid,70,7.022333333333333,75.1,601.407,28773.33333333333,0.016,2120.177666666667,6.123333333333334,3.413333333333334,True
295,closed,ABS,0.2,50,triangles,30,5.494666666666667,78.3,579.228,28083.13333333333,0.01433333333333333,2218.177,6.036666666666666,3.416666666666667,True
296,closed,ABS,0.2,50,zigzag,50,6.457000000000001,77.9,604.1023333333334,29489.36666666667,0.01533333333333333,2193.919333333333,6.013333333333333,3.406666666666667,True
297,closed,ABS,0.2,80,grid,30,5.047,77.8,653.2579999999999,31455.6,0.015,2470.910333333333,6.066666666666666,3.423333333333333,True
298,closed,ABS,0.2,80,triangles,50,6.023666666666667,78.3,623.9720000000001,28874.26666666667,0.01366666666666667,2506.725,6.173333333333333,3.51,True
299,closed,ABS,0.2,80,zigzag,70,7.334333333333333,78.0,718.4363333333334,33684.83333333334,0.017,2626.990666666667,6.149999999999999,3.47,True
300,closed,ABS,0.3,20,grid,70,4.915333333333334,71.6,636.2953333333334,29553.56666666667,0.01533333333333333,2262.710666666666,6.273333333333333,3.44,True
301,closed,ABS,0.3,20,triangles,30,5.354666666666667,78.3,611.8973333333333,29372.56666666667,0.01466666666666667,2299.157,6.056666666666668,3.44,True
302,closed,ABS,0.3,20,zigzag,50,4.371666666666667,75.9,654.3446666666667,29946.63333333333,0.01533333333333333,2213.812666666667,6.376666666666668,3.43,True
303,closed,ABS,0.3,50,grid,30,5.8053333333333335,73.6,640.2383333333333,30749.03333333334,0.015,2346.008333333333,6.116666666666667,3.403333333333334,True
304,closed,ABS,0.3,50,triangles,50,4.291333333333333,74.9,662.7806666666667,32326.93333333333,0.015,2495.679666666667,6.06,3.383333333333333,True
305,closed,ABS,0.3,50,zigzag,70,4.597,74.8,669.2306666666667,32935.7,0.016,2413.345666666667,6.0,3.386666666666667,True
306,closed,ABS,0.3,80,grid,50,4.705333333333333,77.0,704.9893333333333,34441.2,0.015,2635.694333333333,6.05,3.383333333333333,True
307,closed,ABS,0.3,80,triangles,70,3.972,77.4,718.2123333333333,34588.93333333333,0.015,2739.165333333333,6.056666666666668,3.43,True
308,closed,ABS,0.3,80,zigzag,30,6.377,75.7,721.4110000000001,35273.7,0.01533333333333333,2700.980666666667,6.056666666666668,3.376666666666666,True
309,closed,PLA+,0.1,20,lines,30,1.4773333333333334,65.1,591.389,28361.66666666667,0.016,2055.474,6.19,3.37,True
310,closed,PLA-CF,0.3,50,grid,30,3.699333333333333,75.8,550.9223333333333,25255.46666666666,0.008333333333333333,3789.251333333334,6.093333333333334,3.58,True
311,closed,PLA-CF,0.3,50,triangles,50,4.939333333333333,77.7,574.659,26628.43333333333,0.006666666666666667,4691.955,6.109999999999999,3.533333333333333,True
312,closed,PLA-CF,0.3,50,zigzag,70,7.524,75.9,604.4063333333334,26632.2,0.008666666666666666,3439.837333333333,6.123333333333334,3.706666666666667,True
313,closed,PLA-CF,0.3,80,grid,50,6.834666666666667,72.3,649.5206666666667,30060.83333333333,0.009333333333333332,3441.530666666667,6.076666666666667,3.556666666666667,True
314,closed,PLA-CF,0.3,80,triangles,70,7.298666666666667,73.4,630.3623333333334,28693.36666666667,0.008666666666666666,3562.369666666667,6.096666666666667,3.603333333333333,True
315,closed,PLA-CF,0.3,80,zigzag,30,9.728333333333333,73.7,685.6753333333332,30623.7,0.009,3938.381666666667,6.123333333333332,3.656666666666666,True
316,closed,PLA-CF,0.2,20,zigzag,30,2.5226666666666664,73.3,467.3756666666666,22267.63333333333,0.008666666666666666,3116.146333333334,6.173333333333333,3.4,True
317,closed,PLA-CF,0.2,50,grid,70,3.2100000000000004,73.0,546.6353333333333,26011.16666666667,0.011,2538.153333333333,6.256666666666667,3.36,True
318,closed,PLA-CF,0.2,50,triangles,30,2.8030000000000004,75.0,490.6516666666666,22977.3,0.007333333333333333,3382.504666666666,6.463333333333334,3.303333333333333,True
319,closed,PLA-CF,0.2,50,zigzag,50,5.955333333333333,73.3,468.5846666666666,22352.86666666667,0.01033333333333333,2413.052333333334,6.233333333333333,3.363333333333333,True
320,closed,PLA-CF,0.2,80,grid,30,3.228333333333333,78.4,520.3523333333334,24552.03333333334,0.009666666666666665,2715.502666666667,6.239999999999999,3.396666666666667,True
321,closed,PLA-CF,0.2,80,triangles,50,3.5706666666666664,78.2,474.958,23506.46666666666,0.008333333333333333,2890.889333333333,6.02,3.356666666666667,True
322,closed,PLA-CF,0.2,80,zigzag,70,3.6299999999999994,78.1,603.7056666666667,29660.4,0.01166666666666667,3020.38,6.033333333333334,3.373333333333334,True
323,closed,PLA-CF,0.3,20,zigzag,50,5.8276666666666666,75.1,574.382,27221.93333333333,0.01066666666666667,2904.819666666666,6.046666666666667,3.49,True
324,closed,PLA-CF,0.3,20,grid,70,7.361,74.3,559.2093333333333,25998.6,0.011,2705.348333333333,6.076666666666667,3.54,True
325,closed,PLA-CF,0.3,20,triangles,30,5.322666666666667,74.5,524.6376666666666,24797.8,0.009333333333333332,2923.724,6.079999999999999,3.48,True
326,closed,PLA-CF,0.1,20,grid,30,2.3793333333333333,56.3,349.7113333333334,17246.36666666666,0.01066666666666667,1789.276333333333,5.993333333333333,3.383333333333333,True
327,closed,PLA-CF,0.1,20,triangles,50,3.2213333333333334,58.2,349.008,17173.1,0.006666666666666667,2837.443,5.996666666666667,3.39,True
328,closed,PLA-CF,0.1,20,zigzag,70,2.1713333333333336,62.0,469.9623333333334,23017.73333333333,0.01233333333333333,2230.792666666667,6.033333333333334,3.383333333333333,True
329,closed,PLA-CF,0.1,50,grid,50,2.458,66.6,461.7796666666666,22505.33333333333,0.01033333333333333,2665.562666666667,6.016666666666666,3.41,True
330,closed,PLA-CF,0.1,50,triangles,70,4.725666666666666,67.8,369.937,18367.96666666666,0.009333333333333334,2143.306,5.963333333333334,3.376666666666666,True
331,closed,PLA-CF,0.1,50,zigzag,30,2.1783333333333332,66.7,416.9523333333333,20618.8,0.008333333333333333,2761.226,6.043333333333333,3.346666666666666,True
332,closed,PLA-CF,0.1,80,grid,70,4.427333333333333,71.9,480.8896666666667,23504.26666666667,0.01033333333333333,2752.380666666666,5.989999999999999,3.416666666666667,True
333,closed,PLA-CF,0.1,80,triangles,70,2.3876666666666666,76.4,495.5666666666667,23842.0,0.008666666666666666,3270.65,6.043333333333333,3.44,True
334,closed,PLA-CF,0.1,80,zigzag,50,0.0,75.9,553.3696666666666,27800.1,0.01066666666666667,3187.019333333333,5.953333333333333,3.343333333333333,False
335,closed,PLA-CF,0.2,20,grid,50,3.6016666666666666,68.3,407.8656666666666,20320.03333333333,0.009,2421.380333333333,5.986666666666667,3.353333333333333,True
336,closed,PLA-CF,0.2,20,triangles,70,4.018666666666666,64.4,420.0993333333333,21138.36666666667,0.009333333333333332,2511.812333333333,5.956666666666667,3.336666666666666,True
337,closed,PLA+,0.1,20,cubic,30,1.2843333333333333,74.0,617.3493333333333,30220.66666666667,0.01566666666666667,2204.899666666667,6.05,3.376666666666666,True
338,closed,PLA+,0.1,20,quarter cubic,30,2.5026666666666664,63.3,577.6336666666666,27898.93333333333,0.014,2189.136666666667,6.073333333333333,3.41,True
339,closed,PLA+,0.1,20,cross,30,1.388,64.3,568.0756666666666,28225.26666666667,0.01433333333333333,2207.814333333333,6.02,3.343333333333334,True
340,closed,PLA+,0.1,20,gyroid,30,2.218,64.5,566.3876666666666,27046.36666666667,0.015,2061.654333333333,6.07,3.450000000000001,True
341,closed,PLA+,0.1,20,lines,50,1.9829999999999999,64.8,576.3746666666667,28320.13333333333,0.01566666666666667,2100.532,6.033333333333334,3.373333333333334,True
342,closed,PLA+,0.1,20,cubic subdivision,50,1.8549999999999998,57.1,621.6926666666667,30172.43333333333,0.01666666666666667,2154.595666666667,6.036666666666666,3.413333333333334,True
343,closed,PLA+,0.1,20,quarter cubic,50,2.2963333333333336,57.0,632.9066666666666,31242.03333333334,0.01566666666666667,2245.592,6.053333333333334,3.346666666666666,True
344,closed,PLA+,0.1,20,cross,50,2.3373333333333335,66.1,603.7033333333334,29852.56666666667,0.015,2263.008,6.036666666666666,3.35,True
345,closed,PLA+,0.1,20,gyroid,50,2.0676666666666663,61.8,664.9313333333333,32674.03333333334,0.01666666666666667,2225.905,6.056666666666668,3.36,True
346,closed,PLA+,0.1,20,tri hexagon,70,2.677,64.7,627.3026666666666,30600.26666666667,0.015,2334.778,6.083333333333333,3.37,True
347,closed,PLA+,0.1,20,cubic subdivision,70,1.9189999999999998,58.2,683.4166666666666,33230.93333333333,0.01666666666666667,2296.855666666667,6.066666666666666,3.39,True
348,closed,PLA+,0.1,20,quarter cubic,70,2.2390000000000003,67.3,653.0606666666666,32274.93333333333,0.016,2264.489666666667,6.016666666666667,3.363333333333333,True
349,closed,PLA+,0.1,20,cross,70,2.1126666666666662,60.7,614.8903333333334,29932.3,0.01433333333333333,2295.312333333333,6.133333333333333,3.35,True
350,closed,PLA+,0.1,20,lightning,70,2.1839999999999997,61.5,528.331,25132.5,0.01433333333333333,2027.050666666667,6.07,3.463333333333333,True
351,closed,PLA+,0.1,50,tri hexagon,30,2.8850000000000002,80.3,601.7116666666667,28857.5,0.01366666666666667,2456.839,6.186666666666667,3.366666666666667,True
352,closed,PLA+,0.1,50,cubic subdivision,30,1.907333333333333,61.0,642.426,29284.13333333333,0.01466666666666667,2127.426666666667,6.453333333333333,3.4,True
353,closed,PLA+,0.1,50,quarter cubic,30,1.9949999999999999,75.0,638.5463333333333,29347.06666666667,0.01466666666666667,2241.376333333333,6.489999999999999,3.353333333333333,True
354,closed,PLA+,0.1,50,cross3d,30,1.8806666666666665,71.5,566.3826666666666,25910.1,0.01533333333333333,1892.043333333333,6.423333333333333,3.403333333333334,True
355,closed,PLA+,0.1,50,lightning,30,2.1923333333333335,64.3,531.9913333333334,24712.66666666667,0.01433333333333333,1854.656,6.406666666666666,3.36,True
356,closed,PLA+,0.1,50,tri hexagon,50,2.035,70.0,672.5096666666667,30150.33333333333,0.01433333333333333,2387.101,6.496666666666667,3.433333333333334,True
357,closed,PLA+,0.1,50,cubic subdivision,50,1.5923333333333334,76.9,758.8216666666667,34594.53333333333,0.01666666666666667,2437.424333333333,6.483333333333333,3.383333333333333,True
358,closed,PLA+,0.1,50,concentric,50,2.7583333333333333,70.1,754.9553333333333,33416.2,0.01666666666666667,2271.489333333333,6.45,3.503333333333333,True
359,closed,PLA+,0.1,50,cross3d,50,2.390333333333333,72.8,555.6103333333334,25195.16666666667,0.01633333333333334,1792.362,6.43,3.43,True
360,closed,PLA+,0.1,50,lightning,50,2.651,63.4,546.3353333333333,25239.8,0.01633333333333334,1736.979333333333,6.329999999999999,3.42,True
361,closed,PLA+,0.1,50,tri hexagon,70,3.122666666666667,76.8,629.4326666666667,28756.06666666667,0.01566666666666667,2168.158,6.47,3.383333333333333,True
362,closed,PLA+,0.1,50,octet,70,3.2136666666666667,75.4,674.1303333333334,30759.6,0.01666666666666667,2197.388,6.510000000000001,3.366666666666667,True
363,closed,PLA+,0.1,50,concentric,70,2.016,64.6,743.2983333333333,32992.63333333333,0.016,2449.27,6.100000000000001,3.693333333333333,True
364,closed,PLA+,0.1,50,cross3d,70,2.8523333333333327,72.2,553.955,25844.93333333333,0.016,1876.454,6.243333333333333,3.433333333333334,True
365,closed,PLA+,0.1,80,lines,30,2.1970000000000005,78.7,738.6790000000001,33278.73333333334,0.014,2594.503,6.403333333333333,3.466666666666667,True
366,closed,PLA+,0.1,80,cubic,30,1.9269999999999998,75.9,785.6453333333334,36323.5,0.01333333333333333,2921.117333333333,6.386666666666667,3.386666666666667,True
367,closed,PLA+,0.1,80,octet,30,2.1140000000000003,79.2,738.9513333333333,32380.96666666666,0.01366666666666667,2575.792333333333,6.286666666666666,3.63,True
368,closed,PLA+,0.1,80,concentric,30,2.1783333333333332,76.5,904.0623333333333,41103.06666666667,0.01366666666666667,3504.447,6.503333333333333,3.383333333333333,True
369,closed,PLA+,0.1,80,gyroid,30,2.3966666666666665,78.2,790.9376666666667,36369.96666666667,0.013,3358.683666666666,6.473333333333334,3.36,True
370,closed,PLA+,0.1,80,lines,50,3.255333333333333,78.6,795.7556666666666,36795.96666666667,0.014,3267.568666666667,6.43,3.363333333333333,True
371,closed,PLA+,0.1,80,cubic,50,2.5143333333333335,80.2,806.5,37090.16666666666,0.013,3383.978000000001,6.446666666666666,3.373333333333334,True
372,closed,PLA+,0.1,80,octet,50,2.725666666666667,76.3,768.2123333333334,35766.33333333334,0.01366666666666667,3285.848333333333,6.323333333333333,3.396666666666667,True
373,closed,PLA+,0.1,80,cross,50,3.5869999999999997,76.2,561.6046666666666,26146.23333333333,0.014,2390.597333333333,6.386666666666667,3.363333333333333,True
374,closed,PLA+,0.1,80,gyroid,50,3.421666666666667,73.8,822.6533333333333,37929.93333333333,0.01433333333333333,3268.484,6.373333333333334,3.403333333333334,True
375,closed,PLA+,0.1,80,lines,70,3.4683333333333337,75.0,797.7826666666666,36573.26666666667,0.01433333333333333,3178.084,6.46,3.376666666666666,True
376,closed,PLA+,0.1,80,cubic,70,3.4646666666666666,75.8,837.9003333333334,38045.63333333333,0.01466666666666667,3274.046,6.403333333333333,3.44,True
377,closed,PLA+,0.1,80,quarter cubic,70,3.3673333333333333,78.0,791.4906666666667,35365.53333333333,0.015,3015.562666666667,6.359999999999999,3.52,True
378,closed,PLA+,0.1,80,cross,70,3.2336666666666667,70.7,578.7109999999999,27026.93333333333,0.01433333333333333,2364.974666666667,6.28,3.41,True
379,closed,PLA+,0.1,80,gyroid,70,3.7356666666666665,73.9,815.1023333333333,37042.36666666667,0.01466666666666667,3220.346,6.460000000000001,3.406666666666667,True
380,closed,PLA+,0.2,20,lines,30,3.110666666666667,75.4,574.625,26561.9,0.012,2508.274666666667,6.413333333333334,3.373333333333334,True
381,closed,PLA+,0.2,20,cubic subdivision,30,3.170666666666667,76.0,636.3193333333334,29726.73333333333,0.014,2555.692,6.246666666666667,3.426666666666667,True
382,closed,PLA+,0.2,20,quarter cubic,30,3.5210000000000004,74.2,556.457,25194.73333333333,0.012,2412.282666666667,6.510000000000001,3.393333333333333,True
383,closed,PLA+,0.2,20,cross,30,2.683666666666667,76.9,688.3043333333334,31975.26666666667,0.013,2862.374333333333,6.313333333333333,3.41,True
384,closed,PLA+,0.2,20,gyroid,30,3.4569999999999994,78.5,720.9146666666667,32161.2,0.014,2717.366666666667,6.579999999999999,3.406666666666666,True
385,closed,PLA+,0.2,20,tri hexagon,50,4.625000000000001,73.4,642.8193333333334,29024.36666666667,0.01433333333333333,2462.204,6.513333333333333,3.4,True
386,closed,PLA+,0.2,20,cubic subdivision,50,4.595666666666666,74.7,665.2556666666666,32490.2,0.015,2644.303,6.173333333333333,3.316666666666666,True
387,closed,PLA+,0.2,20,quarter cubic,50,4.388000000000001,68.8,598.0623333333333,29215.46666666666,0.013,2647.718666666667,6.146666666666667,3.33,True
388,closed,PLA+,0.2,20,cross,50,3.9776666666666665,72.0,643.0203333333334,31529.06666666667,0.01433333333333333,2700.899333333333,6.046666666666667,3.373333333333333,True
389,closed,PLA+,0.2,20,lightning,50,4.157,69.4,568.1323333333333,27644.7,0.01266666666666667,2569.795333333333,6.116666666666667,3.36,True
390,closed,PLA+,0.2,20,tri hexagon,70,6.23,71.8,657.1060000000001,31942.6,0.015,2679.009333333333,6.153333333333333,3.343333333333333,True
391,closed,PLA+,0.2,20,cubic subdivision,70,6.22,69.8,675.1893333333334,32764.2,0.015,2670.388333333333,6.170000000000001,3.34,True
392,closed,PLA+,0.2,20,concentric,70,5.027333333333334,70.8,701.4903333333333,33664.96666666667,0.015,2740.191,6.22,3.35,True
393,closed,PLA+,0.2,20,cross3d,70,5.433666666666667,75.9,659.2893333333333,33112.53333333333,0.01466666666666667,2836.271666666667,6.166666666666667,3.23,True
394,closed,PLA+,0.2,20,lightning,70,6.731333333333333,74.3,578.202,29651.66666666667,0.01333333333333333,2669.023,6.12,3.186666666666667,True
395,closed,PLA+,0.2,50,tri hexagon,30,2.8673333333333333,80.2,696.9673333333334,37174.26666666666,0.013,3370.551,6.05,3.1,True
396,closed,PLA+,0.2,50,octet,30,2.9506666666666668,76.3,622.7893333333333,31872.96666666666,0.01266666666666667,3005.251666666667,5.963333333333334,3.276666666666667,True
397,closed,PLA+,0.2,50,concentric,30,3.470333333333333,77.5,751.5863333333333,38728.2,0.013,3394.758666666667,6.073333333333333,3.196666666666667,True
398,closed,PLA+,0.2,50,cross3d,30,3.0386666666666664,74.3,591.945,30333.85,0.0145,2696.6215,5.93,3.299999999999999,True
399,closed,PLA+,0.2,50,lightning,30,3.579333333333333,76.5,606.6763333333333,30779.03333333334,0.01266666666666667,2818.911,6.186666666666667,3.186666666666667,True
400,closed,PLA+,0.2,50,cubic,50,3.859666666666667,78.0,742.8616666666667,37428.06666666667,0.01366666666666667,3341.632333333333,6.04,3.286666666666667,True
401,closed,PLA+,0.2,50,octet,50,4.95,79.4,726.882,36232.7,0.01366666666666667,3238.145,6.23,3.22,True
402,closed,PLA+,0.2,50,concentric,50,5.282666666666667,79.3,862.54,42160.86666666667,0.015,3469.124666666667,6.263333333333333,3.266666666666667,True
403,closed,PLA+,0.2,50,cross3d,50,3.7103333333333333,79.0,662.8816666666667,33620.46666666667,0.014,3027.870666666667,6.02,3.276666666666667,True
404,closed,PLA+,0.2,50,lines,70,5.3823333333333325,80.5,689.0586666666667,35447.1,0.01266666666666667,3281.287666666667,6.153333333333333,3.16,True
405,closed,PLA+,0.2,50,cubic,70,5.454666666666667,80.3,784.8770000000001,40914.7,0.01466666666666667,3480.244333333334,6.086666666666666,3.153333333333334,True
406,closed,PLA+,0.2,50,octet,70,5.475666666666666,78.2,743.3389999999999,37784.03333333333,0.01433333333333333,3269.579666666667,6.22,3.163333333333334,True
407,closed,PLA+,0.2,50,concentric,70,5.385333333333333,80.5,877.5010000000001,47098.5,0.016,3775.904,6.063333333333333,3.073333333333334,True
408,closed,PLA+,0.2,50,gyroid,70,5.485333333333333,78.4,737.6826666666666,39060.73333333334,0.014,3483.834,6.073333333333333,3.11,True
409,closed,PLA+,0.2,80,lines,30,4.184666666666667,79.1,738.0603333333333,38928.1,0.01166666666666667,3938.530666666667,6.116666666666667,3.1,True
410,closed,PLA+,0.2,80,cubic,30,3.5596666666666668,81.0,825.9140000000001,43030.63333333333,0.01233333333333333,4085.496,6.109999999999999,3.143333333333333,True
411,closed,PLA+,0.2,80,octet,30,2.89,78.1,771.788,39100.63333333333,0.01166666666666667,3898.6,6.106666666666666,3.233333333333333,True
412,closed,PLA+,0.2,80,cross,30,4.721333333333333,79.1,636.4163333333332,33809.36666666666,0.012,3339.164,6.073333333333333,3.1,True
413,closed,PLA+,0.2,80,gyroid,30,4.124666666666666,78.7,837.1856666666666,43966.1,0.01233333333333333,4107.699333333333,6.196666666666666,3.073333333333334,True
414,closed,PLA+,0.2,80,lines,50,5.610666666666667,79.2,787.9546666666666,42544.4,0.01266666666666667,4064.618666666667,6.026666666666666,3.073333333333334,True
415,closed,PLA+,0.2,80,cubic subdivision,50,4.086333333333333,77.2,789.005,42231.53333333333,0.01433333333333333,3765.031,6.053333333333334,3.086666666666666,True
416,closed,PLA+,0.2,80,quarter cubic,50,4.391333333333333,78.3,909.5480000000001,48281.96666666667,0.01466666666666667,4087.893333333333,6.076666666666667,3.1,True
417,closed,PLA+,0.2,80,cross,50,4.7250000000000005,78.5,668.7366666666667,34125.03333333333,0.01333333333333333,3148.226,6.086666666666666,3.22,True
418,closed,PLA+,0.2,80,gyroid,50,5.123666666666668,79.1,906.4303333333334,47308.0,0.01433333333333333,4064.251666666667,6.076666666666667,3.153333333333334,True
419,closed,PLA+,0.2,80,tri hexagon,70,4.549666666666667,78.2,870.105,43817.76666666666,0.01366666666666667,3946.564666666667,6.186666666666667,3.21,True
420,closed,PLA+,0.2,80,cubic subdivision,70,5.635666666666666,78.4,789.2673333333332,40711.1,0.01433333333333333,3597.73,5.996666666666666,3.233333333333333,True
421,closed,PLA+,0.2,80,quarter cubic,70,6.485666666666667,78.6,907.3813333333334,45110.9,0.015,3797.705,6.096666666666667,3.299999999999999,True
422,closed,PLA+,0.2,80,cross,70,5.196999999999999,78.8,699.8956666666667,34054.5,0.014,3107.258333333333,6.34,3.243333333333334,True
423,closed,PLA+,0.2,80,lightning,70,6.134,77.3,666.0126666666666,32395.96666666666,0.01366666666666667,2898.231,6.23,3.299999999999999,True
424,closed,PLA+,0.3,20,tri hexagon,30,5.049333333333333,79.2,748.7280000000001,34931.23333333333,0.01266666666666667,3255.158333333333,6.106666666666666,3.51,True
425,closed,PLA+,0.3,20,cubic subdivision,30,5.532,78.5,767.71,36854.73333333333,0.01333333333333333,3317.333,6.186666666666667,3.366666666666667,True
426,closed,PLA+,0.3,20,quarter cubic,30,6.4433333333333325,77.8,685.1786666666667,33880.96666666667,0.01166666666666667,3356.474333333333,6.153333333333333,3.286666666666667,True
427,closed,PLA+,0.3,20,cross3d,30,6.439333333333333,80.5,880.4293333333334,43255.26666666667,0.01333333333333333,3915.116,6.22,3.273333333333333,True
428,closed,PLA+,0.3,20,lightning,30,6.509666666666667,80.8,753.1463333333335,37140.6,0.01166666666666667,3720.137666666667,6.073333333333333,3.34,True
429,closed,PLA+,0.3,20,tri hexagon,50,7.718,80.9,921.582,45137.43333333333,0.01433333333333333,3827.794666666667,6.149999999999999,3.32,True
430,closed,PLA+,0.3,20,cubic subdivision,50,8.378666666666666,80.5,915.8903333333333,45699.4,0.01433333333333333,3910.054333333333,6.073333333333333,3.299999999999999,True
431,closed,PLA+,0.3,20,concentric,50,7.332333333333334,81.0,920.4606666666667,44402.33333333334,0.014,3832.139666666666,6.140000000000001,3.376666666666666,True
432,closed,PLA+,0.3,20,cross3d,50,7.361,79.7,866.2526666666666,42537.0,0.013,3890.974333333334,6.153333333333333,3.31,True
433,closed,PLA+,0.3,20,lightning,50,8.244000000000002,79.4,798.5970000000001,37614.46666666667,0.012,3579.23,6.186666666666667,3.433333333333334,True
434,closed,PLA+,0.3,20,tri hexagon,70,8.916666666666666,79.2,901.119,42014.1,0.014,3676.098333333333,6.23,3.443333333333333,True
435,closed,PLA+,0.3,20,octet,70,8.142999999999999,80.1,871.6666666666666,40521.73333333333,0.01333333333333333,3644.322666666667,6.326666666666667,3.4,True
436,closed,PLA+,0.3,20,concentric,70,8.789,79.5,919.4856666666666,43356.8,0.014,3767.429,6.06,3.5,True
437,closed,PLA+,0.3,20,cross3d,70,8.280333333333333,80.4,887.5623333333333,40306.33333333334,0.01366666666666667,3622.868333333333,6.396666666666666,3.443333333333333,True
438,closed,PLA+,0.3,20,lightning,70,8.551666666666668,78.3,856.1346666666667,39348.8,0.01333333333333333,3540.985333333334,6.363333333333333,3.42,True
439,closed,PLA+,0.3,50,cubic,30,5.479,81.2,915.8456666666666,43194.33333333334,0.01266666666666667,4009.020666666667,6.086666666666666,3.486666666666667,True
440,closed,PLA+,0.3,50,octet,30,7.224333333333333,80.4,938.0276666666667,44394.4,0.013,4001.442,6.196666666666666,3.41,True
441,closed,PLA+,0.3,50,concentric,30,5.723333333333334,80.7,938.7153333333334,44958.73333333334,0.01266666666666667,4129.39,6.13,3.406666666666667,True
442,closed,PLA+,0.3,50,gyroid,30,6.973333333333334,81.0,854.0523333333334,40453.96666666667,0.01233333333333333,3861.890333333333,6.173333333333333,3.42,True
443,closed,PLA+,0.3,50,lines,50,8.709333333333333,80.7,930.8686666666667,44950.56666666667,0.013,4006.360666666667,6.14,3.373333333333333,True
444,closed,PLA+,0.3,50,cubic,50,8.882,79.6,1013.161,48289.76666666666,0.01466666666666667,4100.453666666667,6.22,3.373333333333333,True
445,closed,PLA+,0.3,50,octet,50,9.231333333333334,80.5,958.6816666666667,44677.36666666667,0.01333333333333333,3940.700666666666,6.21,3.453333333333333,True
446,closed,PLA+,0.3,50,cross,50,7.289333333333334,81.2,820.9636666666667,40054.93333333333,0.01166666666666667,3850.865,6.05,3.386666666666667,True
447,closed,PLA+,0.3,50,gyroid,50,7.598999999999999,79.6,922.1149999999999,44699.7,0.013,4014.088,6.176666666666667,3.34,True
448,closed,PLA+,0.3,50,lines,70,8.378,79.9,978.6166666666667,47559.03333333333,0.01466666666666667,3988.913666666667,6.016666666666667,3.42,True
449,closed,PLA+,0.3,50,cubic,70,9.883000000000001,78.8,1007.839333333333,48025.36666666667,0.01466666666666667,4086.703,6.196666666666666,3.386666666666667,True
450,closed,PLA+,0.3,50,quarter cubic,70,8.455,80.3,969.9250000000001,45258.8,0.015,3845.917666666667,6.193333333333334,3.463333333333333,True
451,closed,PLA+,0.3,50,cross,70,9.223666666666666,80.0,848.2443333333334,40867.73333333333,0.013,3749.405333333334,6.016666666666667,3.45,True
452,closed,PLA+,0.3,50,gyroid,70,8.197000000000001,79.7,938.2913333333332,44314.73333333334,0.01433333333333333,3877.197,6.173333333333333,3.43,True
453,closed,PLA+,0.3,80,lines,30,6.044999999999999,80.4,920.8906666666667,44613.3,0.01233333333333333,4348.224333333334,6.12,3.373333333333333,True
454,closed,PLA+,0.3,80,cubic subdivision,30,6.613666666666667,79.4,984.5443333333333,47838.66666666666,0.014,4231.209333333333,6.053333333333334,3.4,True
455,closed,PLA+,0.3,80,quarter cubic,30,7.660666666666667,79.4,1040.092666666667,48804.0,0.014,4306.692333333333,6.196666666666666,3.44,True
456,closed,PLA+,0.3,80,cross,30,7.133666666666667,79.9,829.1243333333333,39583.63333333333,0.012,3931.679333333333,6.143333333333334,3.41,True
457,closed,PLA+,0.3,80,gyroid,30,5.8806666666666665,79.4,887.1586666666667,41103.5,0.01233333333333333,4089.722333333334,6.173333333333333,3.496666666666667,True
458,closed,PLA+,0.3,80,tri hexagon,50,8.396,78.4,994.6336666666666,46081.53333333333,0.01366666666666667,4206.093666666667,6.149999999999999,3.51,True
459,closed,PLA+,0.3,80,cubic subdivision,50,8.416333333333334,79.6,970.268,45320.16666666666,0.014,4047.689666666667,6.296666666666667,3.4,True
460,closed,PLA+,0.3,80,quarter cubic,50,8.788666666666666,78.1,1135.014333333333,52639.06666666667,0.015,4322.517,6.226666666666667,3.463333333333333,True
461,closed,PLA+,0.3,80,cross,50,7.113333333333333,79.9,882.179,41238.53333333333,0.01233333333333333,3881.936,6.273333333333333,3.41,True
462,closed,PLA+,0.3,80,lightning,50,7.147000000000001,81.0,849.3209999999999,40566.76666666666,0.013,3728.975333333333,6.086666666666666,3.44,True
463,closed,PLA+,0.3,80,tri hexagon,70,8.579666666666666,79.1,1082.332666666666,48955.0,0.015,4146.739666666667,6.263333333333333,3.53,True
464,closed,PLA+,0.3,80,cubic subdivision,70,7.155666666666666,78.1,1046.2,49680.83333333334,0.015,4125.487666666667,6.039999999999999,3.486666666666667,True
465,closed,PLA+,0.3,80,quarter cubic,70,7.984999999999999,78.0,1117.568,51393.06666666667,0.016,4216.896,6.243333333333333,3.483333333333333,True
466,closed,PLA+,0.3,80,cross3d,70,8.518333333333333,78.9,939.607,45207.56666666667,0.014,3944.248,6.12,3.396666666666667,True
467,closed,PLA+,0.3,80,lightning,70,8.001666666666667,78.1,867.2266666666666,40271.1,0.01333333333333333,3616.986,6.096666666666667,3.53,True
468,closed,rPET,0.3,50,grid,30,0.0,51.4,304.8466666666666,16409.16666666667,0.01666666666666667,1208.441666666667,5.776666666666666,3.22,False
469,closed,rPET,0.3,50,triangles,50,0.0,58.3,302.462,15385.33333333333,0.01733333333333333,1128.446,5.786666666666666,3.426666666666666,False
470,closed,rPET,0.3,50,zigzag,70,0.0,61.5,394.9759999999999,19046.76666666667,0.018,1329.764333333333,5.853333333333333,3.586666666666666,False
471,closed,rPET,0.3,80,grid,50,0.0,67.5,420.2816666666667,19955.7,0.016,1538.286,5.886666666666667,3.62,False
472,closed,rPET,0.3,80,triangles,70,0.0,56.6,469.893,23693.83333333333,0.017,1749.006333333333,5.863333333333333,3.393333333333333,False
473,closed,rPET,0.3,80,zigzag,30,0.0,55.8,327.9783333333334,16506.66666666667,0.014,1378.269,5.963333333333334,3.333333333333333,False
474,closed,rPET,0.2,20,zigzag,30,0.0,48.9,318.6906666666667,15828.2,0.01666666666666667,1165.788,5.82,3.486666666666667,False
475,closed,rPET,0.2,50,grid,70,0.0,44.0,307.177,14641.7,0.01933333333333333,1005.071333333333,5.863333333333333,3.606666666666667,False
476,closed,rPET,0.2,50,triangles,30,0.0,40.8,338.7953333333333,16931.83333333333,0.017,1235.883,5.976666666666667,3.353333333333333,False
477,closed,PLA-transparent,0.1,20,triangles,50,2.7936666666666667,64.4,581.3580000000001,29326.0,0.01566666666666667,2359.370666666667,5.853333333333333,3.386666666666667,True
478,closed,PLA-transparent,0.1,20,grid,70,2.7876666666666665,60.9,655.8273333333333,33443.9,0.01633333333333334,2491.064,6.053333333333334,3.24,True
479,closed,PLA-transparent,0.1,20,triangles,30,2.259,63.7,620.0423333333333,31818.7,0.01433333333333333,2606.555666666667,5.953333333333333,3.273333333333333,True
480,closed,PLA-transparent,0.1,50,zigzag,30,3.163233333333333,74.0,658.3366666666667,33585.2,0.014,2905.388666666666,5.94,3.299999999999999,True
481,closed,PLA-transparent,0.1,50,grid,70,2.148333333333333,70.9,711.2593333333334,35279.9,0.016,2773.968333333334,6.109999999999999,3.299999999999999,True
482,closed,PLA-transparent,0.1,50,triangles,70,3.2129999999999996,69.1,664.8816666666667,33700.56666666667,0.014,3050.516666666666,5.943333333333332,3.32,True
483,closed,PLA-transparent,0.1,80,zigzag,50,3.7449999999999997,79.8,966.6063333333333,47881.43333333333,0.015,3973.934666666667,6.063333333333333,3.33,True
484,closed,PLA-transparent,0.1,80,triangles,30,2.1186666666666665,81.2,783.9926666666667,39010.33333333334,0.011,4116.936666666667,6.153333333333333,3.266666666666667,True
485,closed,PLA-transparent,0.2,20,zigzag,30,4.896333333333334,77.3,711.2636666666667,35947.43333333333,0.01366666666666667,3162.849,6.086666666666666,3.25,True
486,closed,PLA-transparent,0.2,20,grid,50,3.954,77.4,758.062,39293.0,0.015,3210.8,5.973333333333334,3.23,True
487,closed,PLA-transparent,0.2,20,grid,70,5.092666666666667,78.2,754.2420000000001,38768.6,0.01466666666666667,3172.203333333333,5.986666666666667,3.25,True
488,closed,PLA-transparent,0.2,50,zigzag,50,5.097666666666666,81.4,844.3046666666665,43733.36666666667,0.01466666666666667,3707.624,6.033333333333334,3.200000000000001,True
489,closed,PLA-transparent,0.2,50,triangles,70,4.962000000000001,80.5,828.8356666666667,42064.8,0.014,3666.691666666667,6.12,3.22,True
490,closed,PLA-transparent,0.2,50,triangles,30,4.383,80.4,780.4126666666667,40930.4,0.013,3741.442666666666,5.94,3.21,True
491,closed,PLA-transparent,0.2,80,grid,30,7.0906666666666665,81.2,895.6423333333333,43579.46666666667,0.015,3875.638666666667,6.03,3.41,True
492,closed,PLA-transparent,0.2,80,triangles,70,5.785,81.6,913.4093333333334,44317.43333333333,0.01333333333333333,4216.02,6.186666666666667,3.333333333333333,True
493,closed,PLA-transparent,0.3,20,zigzag,30,7.083666666666666,78.2,887.4376666666667,42963.2,0.01366666666666667,3783.058,6.039999999999999,3.42,True
494,closed,PLA-transparent,0.3,20,triangles,70,8.962,79.2,921.8266666666667,44816.56666666667,0.01533333333333333,3724.920333333333,5.94,3.463333333333333,True
495,closed,PLA-transparent,0.3,20,triangles,30,7.5,79.6,905.5713333333333,42666.2,0.01366666666666667,3680.174333333334,6.206666666666667,3.42,True
496,closed,PLA-transparent,0.3,50,grid,30,8.399666666666667,78.0,978.1730000000001,46524.13333333333,0.014,3936.504666666666,6.106666666666666,3.443333333333333,True
497,closed,PLA-transparent,0.3,50,grid,70,6.240666666666667,78.6,998.719,47847.93333333333,0.015,3975.207,5.93,3.52,True
498,closed,PLA-transparent,0.3,50,triangles,50,7.394000000000001,79.2,997.5483333333333,46643.3,0.01466666666666667,4013.329333333333,6.109999999999999,3.5,True
499,closed,PLA-transparent,0.3,80,zigzag,50,7.326999999999999,79.9,1101.942,52496.13333333333,0.01533333333333333,4360.021333333333,6.163333333333334,3.406666666666666,True
500,closed,PLA-transparent,0.3,80,grid,70,7.285,78.2,1057.934666666667,49933.26666666666,0.015,4276.844,6.053333333333334,3.5,True
